id,feedback_text,sentiment,category,timestamp
1,Safety equipment locations confirmed,neutral,safety,2025-03-28 08:51:34
2,"Honestly, strategic direction is clearly communicated",positive,management,2025-10-13 01:27:34
3,"Overall, project timelines are realistic and achievable",positive,workload,2025-10-04 19:56:34
4,Power tool batteries don't hold charge,negative,tools,2025-11-26 16:34:34
5,Work schedule for next week received,neutral,workload,2025-05-15 21:07:34
6,Career advancement opportunities are unclear,negative,management,2025-01-17 05:02:34
7,Task tracking software has improved organization,positive,workload,2025-07-18 03:29:34
8,"In my opinion, the tool inventory system is efficient and accurate!",positive,tools,2025-01-12 05:30:34
9,Budget update received from management,neutral,management,2024-12-09 11:11:34
10,Field service team has been doing outstanding work,positive,service,2025-06-17 14:07:34
11,The upgraded machinery is working flawlessly,positive,equipment,2025-09-04 14:26:34
12,Customer satisfaction scores have dropped significantly Hope this helps.,negative,service,2025-08-16 11:42:34
13,Workload is overwhelming and unsustainable,negative,workload,2025-01-24 12:55:34
14,Inter-department collaboration is excellent,positive,communication,2025-07-24 06:11:34
15,Updated hydraulic systems are performing beyond expectations,positive,equipment,2025-07-09 13:08:34
16,Safety features on power tools are excellent,positive,tools,2025-02-24 21:14:34
17,The priority system helps focus on critical tasks,positive,workload,2025-02-05 21:47:34
18,Parts were installed according to specifications,neutral,service,2025-11-26 13:07:34
19,Tool maintenance schedule keeps everything in top condition,positive,tools,2025-09-13 14:18:34
20,The new communication app has improved coordination,positive,communication,2025-07-27 13:32:34
21,Task distribution is unfair and inconsistent,negative,workload,2025-01-08 19:46:34
22,Updated hydraulic systems are performing beyond expectations Please address this.,positive,equipment,2025-04-21 22:29:34
23,Information sharing between shifts is seamless,positive,communication,2025-06-29 08:54:34
24,The priority system helps focus on critical tasks,positive,workload,2025-04-29 16:22:34
25,No time for breaks during busy periods,negative,workload,2025-04-11 23:41:34
26,Standard approval process followed,neutral,management,2025-05-11 21:29:34
27,The portable generator is reliable and starts every time,positive,equipment,2025-11-13 06:53:34
28,Training programs are outdated and irrelevant,negative,training,2025-02-22 03:43:34
29,Equipment logs have been updated,neutral,equipment,2025-08-12 00:36:34
30,Important information is not shared timely,negative,communication,2025-02-18 18:22:34
31,Peak season workload is unmanageable,negative,workload,2025-02-11 17:41:34
32,Lockout/tagout procedures are clearly documented,positive,safety,2025-04-22 12:12:34
33,"In my opinion, technical documentation training was very helpful",positive,training,2025-04-19 17:46:34
34,Our new testing equipment is incredibly accurate and reliable Just my observation.,positive,equipment,2025-03-31 16:27:34
35,"Based on my experience, customer acknowledged receipt of service",neutral,service,2025-03-13 03:18:34
36,Hazard identification training has been valuable,positive,safety,2025-01-16 18:11:34
37,Customer retention rate has increased this quarter,positive,service,2025-01-25 01:12:34
38,Tool maintenance schedule keeps everything in top condition,positive,tools,2025-03-20 18:58:34
39,"To be honest, customer retention rate has increased this quarter",positive,service,2025-01-11 05:20:34
40,"Based on my experience, hazard identification training has been valuable",positive,safety,2025-08-18 16:44:34
41,Tool requisition form submitted,neutral,tools,2025-05-27 18:40:34
42,Diagnostic tools are outdated,negative,tools,2025-09-18 14:17:34
43,I believe management communication has improved significantly,positive,management,2025-02-08 07:14:34
44,Parts were installed according to specifications,neutral,service,2025-08-29 17:36:34
45,Training materials are poorly designed,negative,training,2025-11-07 02:13:34
46,Emergency response procedures are well-established Looking forward to improvements.,positive,safety,2025-01-16 15:04:34
47,Management communication has improved significantly,positive,management,2025-05-01 15:48:34
48,Team collaboration has made heavy workloads manageable,positive,workload,2025-11-23 06:50:34
49,Emergency service response is inadequate,negative,service,2025-06-28 23:52:34
50,Emergency drill participation documented,neutral,safety,2025-05-30 02:12:34
51,No clear escalation procedures,negative,communication,2025-03-24 01:40:34
52,New employee orientation completed,neutral,training,2025-10-10 05:32:34
53,Tool checkout logged in the system Just my observation.,neutral,tools,2025-04-25 12:57:34
54,Online training platform is difficult to use,negative,training,2024-12-25 23:00:34
55,Fire safety measures are comprehensive and effective,positive,safety,2025-06-19 08:16:34
56,Our technical support team is getting praise from clients,positive,service,2025-06-04 21:24:34
57,The portable generator is reliable and starts every time,positive,equipment,2025-09-16 19:37:34
58,Daily briefings keep everyone informed,positive,communication,2025-04-30 08:34:34
59,Service scheduling system is inefficient and confusing,negative,service,2025-08-15 06:56:34
60,Attended the mandatory safety refresher course,neutral,training,2025-08-26 23:24:34
61,Communication from leadership is poor Looking forward to improvements.,negative,management,2025-04-17 05:35:34
62,Task distribution is fair and well-organized,positive,workload,2025-01-08 16:46:34
63,"Honestly, the certification prep course was comprehensive",positive,training,2025-03-02 07:32:34
64,Decision-making process is transparent and inclusive,positive,management,2024-12-17 06:33:34
65,"Honestly, customer feedback has been overwhelmingly positive lately",positive,service,2024-12-30 01:24:34
66,Advanced training courses are not available,negative,training,2025-02-17 03:40:34
67,New oscilloscope is fantastic for circuit troubleshooting,positive,equipment,2025-09-26 00:25:34
68,Diagnostic tools interface seamlessly with our systems,positive,tools,2025-05-24 22:00:34
69,Normal safety walk-through done,neutral,safety,2025-04-09 02:52:34
70,The new diagnostic tool has significantly improved our repair efficiency,positive,equipment,2025-02-21 21:07:34
71,Outdated tools slow down our work,negative,tools,2025-10-18 19:25:34
72,The calibration tools are top-notch and easy to use,positive,equipment,2025-09-01 21:21:34
73,"Overall, safety culture in our team is exemplary",positive,safety,2025-01-11 15:19:34
74,Leadership handles conflicts professionally,positive,management,2025-04-01 12:41:34
75,The new service protocol has streamlined our operations,positive,service,2025-09-29 05:24:34
76,Decision-making process is transparent and inclusive,positive,management,2025-11-24 14:47:34
77,Safety features on equipment are not functioning properly,negative,equipment,2024-12-07 18:00:34
78,Calibration issues are affecting measurement accuracy,negative,equipment,2025-08-16 11:57:34
79,Strategic direction is clearly communicated,positive,management,2025-01-07 17:29:34
80,Emergency calls are too frequent,negative,workload,2025-08-28 11:17:34
81,Standard diagnostic procedure completed,neutral,service,2025-06-19 01:23:34
82,Continuous learning opportunities are appreciated,positive,training,2025-10-05 07:47:34
83,The new welding machine produces consistently clean welds,positive,equipment,2025-11-08 01:11:34
84,Recognition for good work is nonexistent,negative,management,2025-09-30 03:14:34
85,Administrative tasks take time from technical work,negative,workload,2025-06-20 05:02:34
86,Tool inventory count completed,neutral,tools,2025-01-20 20:07:34
87,No time for breaks during busy periods,negative,workload,2025-03-29 05:34:34
88,Specialized tools are now readily available,positive,tools,2025-09-07 20:23:34
89,Safety features on power tools are excellent,positive,tools,2025-02-08 11:29:34
90,Standard equipment inspection completed,neutral,equipment,2025-03-27 20:01:34
91,Reviewed lockout/tagout procedures,neutral,safety,2025-01-04 11:06:34
92,Cordless tools have excellent battery life,positive,tools,2024-12-18 19:37:34
93,Standard shift activities completed,neutral,workload,2025-06-11 23:31:34
94,"In my opinion, training attendance logged in the system Looking forward to improvements.",neutral,training,2025-06-21 22:29:34
95,Digital work orders are clear and complete.,positive,communication,2025-04-01 02:56:34
96,Online learning modules are well-designed and accessible,positive,training,2025-07-18 12:33:34
97,Tool inventory is inaccurate,negative,tools,2025-06-11 20:00:34
98,Management communication has improved significantly,positive,management,2025-06-21 13:46:34
99,Safety signage is unclear or missing,negative,safety,2025-10-02 02:02:34
100,Daily briefings keep everyone informed,positive,communication,2024-12-19 20:02:34
101,Support staff availability has improved workflow,positive,workload,2025-08-14 15:11:34
102,Follow-up appointment scheduled as requested,neutral,service,2025-01-10 08:06:34
103,Customer retention rate has increased this quarter,positive,service,2025-07-08 01:37:34
104,Backlog of work orders is growing,negative,workload,2024-12-29 21:46:34
105,Safety signage improvements have increased awareness,positive,safety,2025-02-09 16:29:34
106,"From what I've seen, service documentation is incomplete and outdated",negative,service,2025-07-09 15:10:34
107,Certification renewal is due next month,neutral,training,2025-05-09 07:45:34
108,Unrealistic deadlines are causing burnout,negative,workload,2025-07-24 00:53:34
109,Our diagnostic software accurately identifies issues quickly,positive,equipment,2025-04-11 03:39:34
110,Recognition for good work is nonexistent,negative,management,2025-02-11 05:26:34
111,Technical certification courses have improved our skills.,positive,training,2025-08-05 05:53:34
112,I think service scheduling system is inefficient and confusing,negative,service,2024-12-12 00:27:34
113,"Honestly, service scheduling system is inefficient and confusing",negative,service,2025-03-22 12:08:34
114,Cross-training program has enhanced team versatility,positive,training,2025-07-26 04:58:34
115,Really impressed with the new multimeter's precision,positive,equipment,2025-09-08 13:12:34
116,The new diagnostic tool has significantly improved our repair efficiency,positive,equipment,2025-06-17 01:54:34
117,Manufacturer training sessions provided excellent insights,positive,training,2025-08-04 01:48:34
118,Standard shift activities completed,neutral,workload,2025-03-01 15:48:34
119,Work order backlog is unchanged,neutral,workload,2025-09-21 04:19:34
120,The faulty sensors are causing misdiagnoses This needs attention.,negative,equipment,2025-06-21 00:16:34
121,"From what I've seen, tool replacement process is quick and hassle-free",positive,tools,2025-01-17 18:27:34
122,"Overall, safety training needs to be more comprehensive",negative,safety,2025-09-23 17:13:34
123,The ticketing system provides clear job details,positive,communication,2025-02-02 23:39:34
124,Replacement parts for equipment are hard to source,negative,equipment,2025-08-05 13:48:34
125,Completed the annual review training,neutral,training,2025-07-10 23:53:34
126,Project scope keeps expanding without resources,negative,workload,2025-07-11 14:10:34
127,Our warranty service has received great feedback,positive,service,2025-02-26 03:47:34
128,The mobile tool cart is well-designed and practical,positive,tools,2025-04-22 13:13:34
129,Completed the scheduled maintenance as per the manual,neutral,equipment,2025-05-27 22:34:34
130,Digital work orders are clear and complete,positive,communication,2025-01-06 20:18:34
131,"From what I've seen, customer communication protocols work well",positive,communication,2025-10-06 02:54:34
132,Performance reviews are fair and comprehensive,positive,management,2025-02-17 04:39:34
133,Response time to service calls has improved significantly,positive,service,2024-12-29 17:05:34
134,Project status updated in the system,neutral,workload,2025-04-27 03:01:34
135,Customer communication protocols work well,positive,communication,2025-05-07 11:00:34
136,"From what I've seen, tool checkout logged in the system",neutral,tools,2025-09-12 15:04:34
137,"Overall, management listens to technician suggestions",positive,management,2025-05-20 07:20:34
138,The new service protocol has streamlined our operations,positive,service,2025-09-01 12:20:34
139,I think reported standard safety observations,neutral,safety,2025-08-28 02:54:34
140,Standard tool maintenance performed,neutral,tools,2025-07-03 20:08:34
141,Safety training needs to be more comprehensive,negative,safety,2025-08-18 11:43:34
142,Resource requirements documented,neutral,workload,2025-05-20 22:48:34
143,Team communication channels are effective and clear,positive,communication,2025-03-18 16:50:34
144,Response times to service requests are too long,negative,service,2025-09-30 07:09:34
145,Emergency drill participation documented,neutral,safety,2025-08-03 18:57:34
146,Tool storage solutions are well-organized,positive,tools,2025-04-19 11:00:34
147,Safety signage locations verified,neutral,safety,2025-02-09 01:22:34
148,Communication log maintained,neutral,communication,2024-12-26 15:35:34
149,Hand tools lack proper storage,negative,tools,2024-12-02 03:03:34
150,New hires receive inadequate onboarding,negative,training,2025-10-17 23:48:34
151,Feedback channels are open and responsive,positive,communication,2025-02-11 13:46:34
152,The hands-on workshop was incredibly valuable,positive,training,2025-08-28 01:07:34
153,Updated hydraulic systems are performing beyond expectations,positive,equipment,2025-03-13 00:14:34
154,Safety inspections are too infrequent,negative,safety,2025-05-10 05:08:34
155,Cross-training program has enhanced team versatility Thanks for listening.,positive,training,2025-10-01 22:27:34
156,Tool inventory count completed,neutral,tools,2025-05-26 08:51:34
157,Peak season workload is unmanageable,negative,workload,2024-12-29 08:18:34
158,Our new testing equipment is incredibly accurate and reliable,positive,equipment,2025-02-04 15:07:34
159,Project timelines are realistic and achievable,positive,workload,2025-01-29 20:25:34
160,Replacement tools take too long to arrive,negative,tools,2025-02-27 17:15:34
161,Really impressed with the new multimeter's precision,positive,equipment,2024-12-03 10:45:34
162,Replacement parts for equipment are hard to source,negative,equipment,2025-09-08 03:38:34
163,Precision tools are out of calibration,negative,tools,2025-09-20 09:20:34
164,"Overall, tool replacement request submitted",neutral,tools,2025-06-27 04:26:34
165,Remote teams are often out of the loop,negative,communication,2025-09-19 09:32:34
166,The recent safety training was very comprehensive and useful,positive,training,2024-12-16 10:48:34
167,The new ventilation system has improved air quality,positive,safety,2025-10-17 03:30:34
168,The thermal imaging camera has been a game changer for diagnostics,positive,equipment,2025-07-27 06:12:34
169,Break times are respected and adequate,positive,workload,2025-08-01 19:32:34
170,Work orders lack necessary details,negative,communication,2025-11-17 14:57:34
171,Service pricing structure is confusing customers,negative,service,2025-10-30 22:01:34
172,Training attendance logged in the system,neutral,training,2025-11-26 20:38:34
173,Training attendance logged in the system,neutral,training,2025-06-09 01:02:34
174,Work order details communicated to team,neutral,communication,2025-05-17 03:13:34
175,Work distribution reviewed Please address this.,neutral,workload,2025-10-01 17:34:34
176,Leadership team is supportive and responsive,positive,management,2025-11-24 11:18:34
177,Compliance training finished as scheduled,neutral,training,2025-09-11 01:17:34
178,Monthly safety inspection conducted,neutral,safety,2025-04-22 17:37:34
179,Conflict resolution by management is ineffective,negative,management,2025-08-18 23:23:34
180,"Based on my experience, the faulty sensors are causing misdiagnoses.",negative,equipment,2025-03-27 22:30:34
181,"Overall, diagnostic tools are outdated",negative,tools,2025-08-18 22:31:34
182,The advanced troubleshooting course was outstanding,positive,training,2025-09-10 16:52:34
183,Tool inventory is inaccurate,negative,tools,2025-02-26 03:03:34
184,Ergonomic concerns are being ignored,negative,safety,2025-06-20 21:34:34
185,"Overall, warranty claim processing is too slow",negative,service,2025-07-13 05:04:34
186,Tool checkout logged in the system,neutral,tools,2025-07-19 19:56:34
187,Communication tools are unreliable,negative,communication,2024-12-23 10:59:34
188,Quality control training has improved our standards,positive,training,2025-06-12 19:05:34
189,Customer contact information updated,neutral,communication,2025-08-10 22:12:34
190,Safety data sheets have been updated,neutral,safety,2024-11-29 04:09:34
191,Information request sent to vendor,neutral,communication,2025-11-16 05:21:34
192,Work scheduling has become much more manageable,positive,workload,2025-04-30 14:04:34
193,"From what I've seen, normal safety walk-through done",neutral,safety,2025-05-07 12:29:34
194,Service scheduling system is inefficient and confusing,negative,service,2025-07-06 11:36:34
195,Resource requests are processed efficiently,positive,management,2025-05-01 20:49:34
196,Emergency communication procedures are reliable,positive,communication,2025-05-09 04:05:34
197,Performance reviews are fair and comprehensive,positive,management,2025-09-08 19:35:34
198,Automated systems have reduced manual workload,positive,workload,2025-03-19 10:17:34
199,Normal safety walk-through done,neutral,safety,2025-11-19 13:37:34
200,The calibration tools are top-notch and easy to use,positive,equipment,2025-02-10 20:50:34
201,I believe daily safety checklist completed,neutral,safety,2024-12-14 12:28:34
202,Remote communication tools work reliably,positive,communication,2025-07-17 14:09:34
203,Hazardous conditions are not addressed promptly,negative,safety,2025-01-17 21:14:34
204,I think performance reviews are fair and comprehensive,positive,management,2025-08-29 23:05:34
205,The updated safety equipment is much more comfortable,positive,safety,2025-01-06 19:26:34
206,Overtime requirements are excessive,negative,workload,2025-06-15 19:07:34
207,Customer communication protocols work well,positive,communication,2025-10-21 01:50:34
208,Ergonomic concerns are being ignored Just my observation.,negative,safety,2025-09-17 14:07:34
209,Safety inspections are conducted regularly and thoroughly,positive,safety,2025-10-09 03:02:34
210,Emergency response procedures are well-established,positive,safety,2025-11-02 08:32:34
211,Tool maintenance schedule keeps everything in top condition,positive,tools,2025-01-07 05:09:34
212,Training programs are outdated and irrelevant,negative,training,2024-11-28 16:28:34
213,Standard communication channels used,neutral,communication,2024-12-31 22:33:34
214,"Honestly, daily briefing notes distributed",neutral,communication,2025-09-06 18:30:34
215,Precision measuring instruments are accurately calibrated Hope this helps.,positive,tools,2025-10-18 21:53:34
216,Feedback from technicians is ignored,negative,management,2025-10-09 08:51:34
217,Overtime requirements are excessive,negative,workload,2025-02-09 08:00:34
218,"Generally speaking, ergonomic concerns are being ignored",negative,safety,2025-08-02 04:22:34
219,The pneumatic tools are much more powerful and efficient now,positive,equipment,2025-02-16 10:24:34
220,Online learning modules are well-designed and accessible,positive,training,2024-12-01 03:57:34
221,Work-life balance has deteriorated significantly,negative,workload,2025-01-26 01:14:34
222,Documentation shared via standard channels,neutral,communication,2025-09-02 02:21:34
223,Email correspondence filed appropriately,neutral,communication,2025-08-09 23:26:34
224,"Overall, service quality metrics are exceeding targets",positive,service,2025-05-11 13:20:34
225,Emergency calls are too frequent,negative,workload,2025-06-15 13:28:34
226,Management invests in employee development,positive,management,2025-09-08 14:05:34
227,Resource requests are processed efficiently,positive,management,2025-03-03 03:07:34
228,"Based on my experience, team morale is at an all-time low",negative,management,2025-03-30 03:34:34
229,Management memo received and reviewed,neutral,management,2025-04-17 17:33:34
230,Routine cleaning and maintenance done,neutral,equipment,2025-05-04 00:15:34
231,"Based on my experience, our new testing equipment is incredibly accurate and reliable",positive,equipment,2025-09-23 07:33:34
232,Critical updates are buried in long emails,negative,communication,2025-10-26 14:08:34
233,Participated in department planning session,neutral,management,2025-04-02 06:57:34
234,Emergency service response is inadequate Thanks for listening.,negative,service,2025-08-30 23:24:34
235,"Generally speaking, the new welding machine produces consistently clean welds!",positive,equipment,2025-09-30 16:17:34
236,Tools are frequently missing or broken,negative,tools,2025-04-04 18:03:34
237,Advanced training courses are not available,negative,training,2025-11-13 00:53:34
238,Feedback channels are open and responsive,positive,communication,2025-01-05 21:35:34
239,Seasonal workload variations are well-planned,positive,workload,2025-09-03 09:54:34
240,Tools returned to storage after shift,neutral,tools,2025-05-25 22:12:34
241,The new communication app has improved coordination,positive,communication,2025-09-22 21:59:34
242,Customer retention rate has increased this quarter,positive,service,2025-07-02 16:56:34
243,Hands-on practice opportunities are lacking,negative,training,2025-06-21 22:06:34
244,Technical update forwarded to colleagues,neutral,communication,2025-06-15 14:05:34
245,Leadership handles conflicts professionally This needs attention.,positive,management,2025-02-27 19:54:34
246,Equipment and tools secured for night,neutral,tools,2025-09-10 18:46:34
247,"From what I've seen, the calibration tools are top-notch and easy to use",positive,equipment,2025-05-28 05:38:34
248,Team communication channels are effective and clear,positive,communication,2025-01-08 02:40:34
249,New employee orientation completed,neutral,training,2025-09-02 20:54:34
250,Coverage for absences is inadequate,negative,workload,2025-02-06 05:47:34
251,Hazard identification training has been valuable,positive,safety,2025-10-08 05:41:34
252,Quarterly goals have been documented,neutral,management,2025-06-22 01:32:34
253,Replaced worn parts during scheduled maintenance,neutral,equipment,2025-11-08 12:49:34
254,Open-door policy encourages honest communication,positive,management,2025-07-03 11:43:34
255,Team notification sent as required,neutral,communication,2025-05-29 15:10:34
256,Service invoice generated and sent,neutral,service,2025-04-09 01:06:34
257,Customer retention rate has increased this quarter,positive,service,2024-12-16 02:52:34
258,No clear escalation procedures,negative,communication,2025-05-26 08:39:34
259,Communication log maintained,neutral,communication,2025-07-15 20:14:34
260,"Overall, shift handover documentation completed",neutral,workload,2024-11-27 18:05:34
261,Equipment serial numbers verified,neutral,equipment,2025-05-02 05:53:34
262,Contact list has been updated,neutral,communication,2025-06-16 17:46:34
263,Strategic direction is clearly communicated,positive,management,2025-08-20 20:16:34
264,Diagnostic tools interface seamlessly with our systems,positive,tools,2025-02-01 05:11:34
265,Online learning modules are well-designed and accessible,positive,training,2025-04-27 20:36:34
266,Tool quality has improved with recent upgrades,positive,tools,2025-11-03 15:27:34
267,New employee orientation completed,neutral,training,2024-12-27 05:51:34
268,Installation services are facing repeated issues,negative,service,2025-03-24 16:25:34
269,The new communication app has improved coordination,positive,communication,2024-12-10 01:09:34
270,Shift handover documentation completed,neutral,workload,2025-08-26 19:37:34
271,I believe ventilation in work areas is inadequate,negative,safety,2024-12-26 23:25:34
272,Safety data sheets have been updated,neutral,safety,2025-05-26 19:39:34
273,We've received excellent reviews for our maintenance work,positive,service,2025-02-02 00:43:34
274,Break times are respected and adequate,positive,workload,2025-07-23 11:36:34
275,The ergonomic improvements have reduced strain injuries,positive,safety,2025-09-12 09:23:34
276,Service call completed within standard timeframe,neutral,service,2024-12-17 18:54:34
277,Leadership handles conflicts professionally,positive,management,2025-02-09 03:18:34
278,Tool quality has improved with recent upgrades Just my observation.,positive,tools,2025-04-07 19:15:34
279,Tool inventory is inaccurate,negative,tools,2025-05-17 06:41:34
280,Required tools prepared for tomorrow,neutral,tools,2025-11-25 11:08:34
281,"To be honest, automated systems have reduced manual workload",positive,workload,2025-08-02 20:45:34
282,Resource requirements documented,neutral,workload,2025-08-30 07:17:34
283,Quality control training has improved our standards.,positive,training,2025-11-22 09:45:34
284,PPE quality has improved substantially,positive,safety,2025-11-08 12:47:34
285,Diagnostic equipment gives inconsistent readings,negative,equipment,2024-12-03 01:51:34
286,"Overall, safety signage locations verified",neutral,safety,2025-07-15 21:02:34
287,The ergonomic improvements have reduced strain injuries,positive,safety,2025-09-05 04:17:34
288,Break times are respected and adequate,positive,workload,2025-07-23 05:15:34
289,Priority tasks identified for tomorrow,neutral,workload,2025-05-27 07:39:34
290,Management invests in employee development,positive,management,2025-06-28 16:40:34
291,Equipment usage logged for the shift,neutral,equipment,2025-11-24 09:11:34
292,Customer signed off on completed work Just my observation.,neutral,service,2025-06-28 08:07:34
293,Safety data sheets have been updated!,neutral,safety,2025-02-09 15:36:34
294,"In my opinion, safety drills are well-organized and informative",positive,training,2025-03-09 18:26:34
295,Training certificate received,neutral,training,2025-03-20 04:46:34
296,Miscommunication causes repeated work,negative,communication,2025-10-17 23:49:34
297,Work scheduling has become much more manageable,positive,workload,2025-02-08 14:23:34
298,Field service coordination needs improvement,negative,service,2025-07-15 09:14:34
299,Overtime requirements are excessive,negative,workload,2025-03-03 00:46:34
300,"From what I've seen, email overload makes important messages hard to find",negative,communication,2025-01-03 11:02:34
301,Supervisors provide constructive feedback regularly,positive,management,2024-12-09 09:44:34
302,Policy update acknowledged,neutral,management,2025-11-19 05:01:34
303,No time for breaks during busy periods,negative,workload,2025-02-12 00:07:34
304,"In my opinion, workload is within normal range",neutral,workload,2025-07-12 12:39:34
305,"Generally speaking, shift handover documentation completed Hope this helps.",neutral,workload,2025-09-19 05:17:34
306,"From what I've seen, safety drills are well-organized and informative",positive,training,2025-10-04 17:07:34
307,Cross-training program has enhanced team versatility,positive,training,2025-03-14 01:32:34
308,"Generally speaking, response time to service calls has improved significantly",positive,service,2024-12-25 16:30:34
309,Safety features on equipment are not functioning properly,negative,equipment,2025-11-11 16:27:34
310,"In my opinion, inter-department collaboration is excellent",positive,communication,2025-04-06 10:19:34
311,Email correspondence filed appropriately,neutral,communication,2025-11-16 15:32:34
312,Feedback channels are open and responsive,positive,communication,2025-11-10 09:12:34
313,Field service team has been doing outstanding work,positive,service,2025-08-06 19:18:34
314,"Generally speaking, workload management tools have improved efficiency",positive,workload,2025-06-25 07:47:34
315,Training attendance logged in the system,neutral,training,2025-08-16 21:09:34
316,Tool usage documented,neutral,tools,2025-09-28 08:14:34
317,Updated hydraulic systems are performing beyond expectations,positive,equipment,2025-05-07 03:53:34
318,Safety training needs to be more comprehensive,negative,safety,2025-04-02 03:11:34
319,"From what I've seen, monthly safety inspection conducted",neutral,safety,2025-02-09 12:12:34
320,Personal monitoring devices are accurate and reliable This needs attention.,positive,safety,2025-05-11 19:34:34
321,Service scheduling system is inefficient and confusing,negative,service,2025-06-01 17:40:34
322,Standard tool maintenance performed,neutral,tools,2025-05-06 11:21:34
323,Instructor quality is inconsistent,negative,training,2025-07-27 01:31:34
324,We desperately need upgraded testing tools,negative,equipment,2025-02-23 21:22:34
325,The old machinery is constantly malfunctioning,negative,equipment,2025-06-25 23:25:34
326,Language barriers affect team communication,negative,communication,2025-05-18 17:36:34
327,Unrealistic deadlines are causing burnout,negative,workload,2025-10-04 23:03:34
328,New hires receive inadequate onboarding,negative,training,2025-02-07 04:31:34
329,First aid supplies are often depleted,negative,safety,2025-01-24 11:49:34
330,I believe emergency service response is inadequate,negative,service,2025-01-27 18:00:34
331,The priority system helps focus on critical tasks This needs attention.,positive,workload,2024-12-17 01:04:34
332,"From what I've seen, workload management tools have improved efficiency",positive,workload,2025-07-17 00:47:34
333,"From what I've seen, customer retention rate has increased this quarter",positive,service,2025-03-06 00:22:34
334,The knowledge base is comprehensive and helpful,positive,communication,2025-10-23 19:59:34
335,Tool quality has improved with recent upgrades,positive,tools,2025-10-13 14:33:34
336,Workload management tools have improved efficiency Thanks for listening.,positive,workload,2025-08-29 15:20:34
337,Field service team has been doing outstanding work,positive,service,2025-06-07 11:41:34
338,Resource requirements documented.,neutral,workload,2025-09-08 03:42:34
339,Feedback channels are open and responsive,positive,communication,2025-11-21 02:19:34
340,Decision-making process is transparent and inclusive,positive,management,2025-02-14 02:17:34
341,Chemical handling procedures need updating!,negative,safety,2025-11-25 23:34:34
342,Safety drills are well-organized and informative,positive,training,2025-04-06 09:15:34
343,Performance metrics are unfair and unrealistic,negative,management,2025-02-23 05:23:34
344,Chemical handling procedures need updating,negative,safety,2025-07-07 08:38:34
345,The digital torque wrench is extremely precise,positive,tools,2025-09-15 19:11:34
346,Critical equipment lacks proper backup systems,negative,equipment,2025-02-28 02:03:34
347,Ventilation in work areas is inadequate,negative,safety,2025-10-02 10:11:34
348,"In my opinion, technical support quality has deteriorated",negative,service,2025-03-21 00:45:34
349,"To be honest, the ergonomic improvements have reduced strain injuries",positive,safety,2025-08-04 14:06:34
350,Team notification sent as required,neutral,communication,2025-07-24 16:03:34
351,"From what I've seen, information sharing between shifts is seamless",positive,communication,2025-01-18 08:51:34
352,Diagnostic tools interface seamlessly with our systems,positive,tools,2024-11-27 11:10:34
353,"Based on my experience, reviewed updated safety procedures",neutral,training,2025-03-13 20:30:34
354,Task list for the day has been reviewed,neutral,workload,2024-12-04 20:10:34
355,I believe technical update forwarded to colleagues,neutral,communication,2025-03-10 09:19:34
356,Ventilation in work areas is inadequate!,negative,safety,2025-03-28 00:06:34
357,Really impressed with the new multimeter's precision,positive,equipment,2025-11-06 23:16:34
358,"In my opinion, task distribution is fair and well-organized",positive,workload,2025-11-21 11:06:34
359,Organizational update email reviewed,neutral,management,2025-01-29 22:17:34
360,Support staff availability has improved workflow,positive,workload,2025-09-17 09:22:34
361,The priority system helps focus on critical tasks,positive,workload,2025-09-07 11:55:34
362,Completed the scheduled maintenance as per the manual,neutral,equipment,2025-03-23 10:46:34
363,Tool quality is substandard for professional work,negative,tools,2025-07-12 06:34:34
364,Project timelines are realistic and achievable,positive,workload,2025-03-03 01:16:34
365,Continuous learning opportunities are appreciated,positive,training,2025-09-09 05:00:34
366,"In my opinion, we're unable to meet service level agreements",negative,service,2025-02-03 20:49:34
367,Meeting minutes distributed to team,neutral,management,2025-03-20 21:17:34
368,Flexible scheduling options are greatly appreciated,positive,workload,2025-04-18 02:01:34
369,Communication from leadership is poor Please address this.,negative,management,2025-11-14 18:20:34
370,Response time to service calls has improved significantly Just my observation.,positive,service,2025-09-10 17:16:34
371,Monthly safety inspection conducted!,neutral,safety,2024-12-02 22:33:34
372,"Equipment keeps breaking down, we need better maintenance schedules",negative,equipment,2024-12-07 06:44:34
373,Technical support quality has deteriorated,negative,service,2025-10-29 09:18:34
374,Hazard identification training has been valuable,positive,safety,2025-01-28 19:30:34
375,"Honestly, diagnostic equipment gives inconsistent readings",negative,equipment,2025-01-15 19:49:34
376,"In my opinion, customer communication is inconsistent",negative,communication,2025-07-17 05:41:34
377,Management invests in employee development,positive,management,2025-03-19 14:02:34
378,Really impressed with the new multimeter's precision,positive,equipment,2024-12-19 00:41:34
379,"Based on my experience, the certification prep course was comprehensive",positive,training,2025-04-20 06:36:34
380,Tool inventory is inaccurate,negative,tools,2025-09-07 05:18:34
381,Customer signed off on completed work,neutral,service,2025-03-30 02:40:34
382,Response time to service calls has improved significantly,positive,service,2025-07-20 09:56:34
383,Fall protection equipment needs replacement,negative,safety,2025-11-23 13:51:34
384,We desperately need upgraded testing tools,negative,equipment,2025-11-20 06:09:34
385,"To be honest, required tools prepared for tomorrow",neutral,tools,2025-08-02 18:05:34
386,We've received excellent reviews for our maintenance work,positive,service,2025-06-19 09:38:34
387,The certification prep course was comprehensive,positive,training,2025-07-03 06:26:34
388,Customer callback rate is unacceptably high,negative,service,2025-09-13 04:54:34
389,"Overall, technical documentation is well-written and accessible",positive,communication,2025-03-05 03:19:34
390,Break times are respected and adequate,positive,workload,2025-09-12 19:10:34
391,Recognition for good work is nonexistent,negative,management,2025-07-30 18:45:34
392,Critical equipment lacks proper backup systems,negative,equipment,2024-12-31 16:07:34
393,Emergency repair response has been exceptional,positive,service,2024-11-28 09:17:34
394,Feedback from technicians is ignored,negative,management,2025-04-24 12:30:34
395,Task tracking software has improved organization,positive,workload,2025-04-03 10:05:34
396,The pneumatic tools are much more powerful and efficient now,positive,equipment,2025-06-02 04:49:34
397,The upgraded machinery is working flawlessly,positive,equipment,2025-01-11 00:12:34
398,Specialized tools are not available when needed,negative,tools,2025-11-05 16:32:34
399,Warranty claim processing is too slow,negative,service,2025-07-06 12:44:34
400,Work schedule for next week received,neutral,workload,2025-07-29 18:00:34
401,Communication with other departments has improved,positive,communication,2025-06-14 12:40:34
402,Work scheduling has become much more manageable,positive,workload,2025-07-25 22:22:34
403,Customer contact information updated,neutral,communication,2025-01-13 14:19:34
404,The digital torque wrench is extremely precise,positive,tools,2025-04-15 12:42:34
405,"In my opinion, meeting minutes distributed to team",neutral,management,2025-11-08 21:28:34
406,"In my opinion, team meetings are productive and well-organized",positive,management,2025-11-26 01:39:34
407,Management is unresponsive to technician concerns,negative,management,2025-09-24 14:43:34
408,Tool organization per standard procedure,neutral,tools,2025-02-27 14:59:34
409,Break times are respected and adequate,positive,workload,2025-10-06 13:28:34
410,Replacement parts for equipment are hard to source,negative,equipment,2025-08-03 01:19:34
411,Meeting frequency is excessive and unproductive,negative,communication,2025-05-07 21:38:34
412,Safety equipment is outdated and uncomfortable,negative,safety,2025-07-19 11:57:34
413,I believe communication between shifts is poor,negative,communication,2025-09-21 21:46:34
414,The certification prep course was comprehensive,positive,training,2025-03-28 19:30:34
415,Emergency response procedures are well-established,positive,safety,2024-12-07 02:14:34
416,Feedback is not acted upon.,negative,communication,2024-12-06 13:34:34
417,Warranty claim processing is too slow,negative,service,2025-06-10 08:56:34
418,Cordless tools have excellent battery life,positive,tools,2025-08-26 13:21:34
419,Updated hydraulic systems are performing beyond expectations,positive,equipment,2025-11-18 19:40:34
420,The knowledge base is comprehensive and helpful,positive,communication,2025-04-26 00:48:34
421,"Honestly, reported standard safety observations",neutral,safety,2025-04-08 00:10:34
422,Overtime has decreased while productivity increased,positive,workload,2025-01-24 05:55:34
423,Chemical handling procedures need updating,negative,safety,2025-11-21 00:13:34
424,Contact list has been updated,neutral,communication,2025-03-29 02:02:34
425,Service pricing structure is confusing customers,negative,service,2025-05-05 18:03:34
426,Team meetings foster good communication,positive,communication,2025-10-12 11:20:34
427,I think the hands-on workshop was incredibly valuable,positive,training,2025-06-12 16:08:34
428,Email overload makes important messages hard to find,negative,communication,2024-12-31 15:10:34
429,Our diagnostic software accurately identifies issues quickly,positive,equipment,2025-10-08 16:24:34
430,Performance reviews are fair and comprehensive,positive,management,2025-10-26 11:09:34
431,Chemical handling procedures need updating,negative,safety,2025-09-06 09:18:34
432,"Based on my experience, multiple priorities make focusing impossible",negative,workload,2025-01-14 17:31:34
433,Daily briefings keep everyone informed,positive,communication,2024-12-22 08:23:34
434,Submitted training completion form,neutral,training,2024-12-05 08:27:34
435,Organizational update email reviewed Please address this.,neutral,management,2025-03-14 00:14:34
436,Leadership development program exceeded expectations,positive,training,2024-12-17 11:27:34
437,The tool inventory system is efficient and accurate,positive,tools,2025-01-13 11:09:34
438,I believe standard check-in with supervisor completed.,neutral,management,2025-01-28 14:20:34
439,The updated safety equipment is much more comfortable,positive,safety,2025-03-23 08:09:34
440,Tool usage documented,neutral,tools,2025-09-21 02:33:34
441,Standard check-in with supervisor completed,neutral,management,2025-09-23 06:08:34
442,The thermal imaging camera has been a game changer for diagnostics,positive,equipment,2024-12-18 07:55:34
443,Break times are respected and adequate,positive,workload,2025-10-19 03:32:34
444,Management accountability is lacking,negative,management,2024-12-16 02:47:34
445,Service call completed within standard timeframe,neutral,service,2025-08-28 10:14:34
446,The priority system helps focus on critical tasks,positive,workload,2024-12-05 13:21:34
447,"Honestly, the certification prep course was comprehensive",positive,training,2025-07-31 22:28:34
448,Diagnostic equipment gives inconsistent readings,negative,equipment,2025-07-27 16:21:34
449,"From what I've seen, feedback channels are open and responsive",positive,communication,2025-11-05 19:18:34
450,"Generally speaking, priority tasks identified for tomorrow",neutral,workload,2025-04-25 01:38:34
451,Tool usage documented,neutral,tools,2025-08-06 17:19:34
452,The hands-on workshop was incredibly valuable,positive,training,2025-08-26 09:38:34
453,Training budget has been cut significantly,negative,training,2025-06-11 14:14:34
454,We desperately need upgraded testing tools Thanks for listening.,negative,equipment,2025-07-05 01:56:34
455,The mentorship program has accelerated skill development,positive,training,2025-05-30 20:54:34
456,Shift handover documentation completed,neutral,workload,2025-09-10 10:09:34
457,Meeting minutes distributed to team,neutral,management,2025-05-04 15:23:34
458,Service invoice generated and sent,neutral,service,2024-12-11 10:08:34
459,"To be honest, feedback is not acted upon",negative,communication,2025-05-14 17:25:34
460,Information sharing between shifts is seamless,positive,communication,2024-12-17 11:28:34
461,Safety signage is unclear or missing,negative,safety,2025-04-18 15:43:34
462,Workload management tools have improved efficiency,positive,workload,2025-10-31 06:01:34
463,Open-door policy encourages honest communication,positive,management,2025-05-30 18:48:34
464,Supervisors provide constructive feedback regularly Hope this helps.,positive,management,2025-07-20 20:33:34
465,Power tools are well-maintained and reliable,positive,tools,2025-08-10 12:14:34
466,Technical documentation is outdated or missing,negative,communication,2025-11-18 00:24:34
467,Standard tool kit contents verified,neutral,tools,2025-03-05 08:07:34
468,Technical certification opportunities are limited,negative,training,2025-02-15 06:00:34
469,I believe customer feedback has been overwhelmingly positive lately,positive,service,2025-10-14 08:02:34
470,The advanced troubleshooting course was outstanding This needs attention.,positive,training,2025-01-18 02:11:34
471,Safety features on equipment are not functioning properly,negative,equipment,2025-10-04 19:45:34
472,Service documentation is incomplete and outdated,negative,service,2025-01-02 09:18:34
473,Tool inventory is inaccurate,negative,tools,2025-10-01 07:08:34
474,Diagnostic tools are outdated,negative,tools,2025-07-01 21:16:34
475,"Generally speaking, training schedules conflict with work demands",negative,training,2025-03-14 20:37:34
476,Feedback from technicians is ignored,negative,management,2025-01-20 06:45:34
477,"To be honest, strategic direction is clearly communicated Please address this.",positive,management,2025-08-06 16:35:34
478,Emergency calls are too frequent Just my observation.,negative,workload,2025-04-12 06:06:34
479,Resource requests are processed efficiently,positive,management,2025-01-06 22:42:34
480,Technical documentation is well-written and accessible,positive,communication,2025-08-20 07:04:34
481,Quarterly goals have been documented,neutral,management,2025-05-10 19:05:34
482,Service report filed in the system,neutral,service,2025-08-06 13:17:34
483,Supervisors lack technical knowledge,negative,management,2025-06-16 10:27:34
484,Precision tools are out of calibration,negative,tools,2025-08-30 00:19:34
485,Performance metrics are unfair and unrealistic,negative,management,2025-11-26 20:48:34
486,"From what I've seen, multiple priorities make focusing impossible",negative,workload,2025-07-21 07:30:34
487,Tool organization system is chaotic,negative,tools,2025-01-26 21:00:34
488,Resource requests are processed efficiently,positive,management,2025-04-19 14:38:34
489,The laser alignment tool has made our work much more precise,positive,equipment,2025-11-09 01:13:34
490,Strategic direction is constantly changing,negative,management,2025-09-11 15:22:34
491,Resource requests are processed efficiently,positive,management,2025-04-29 22:34:34
492,Customer communication protocols work well Looking forward to improvements.,positive,communication,2024-12-23 15:10:34
493,Emergency communication procedures are reliable,positive,communication,2025-03-09 04:51:34
494,Safety equipment locations confirmed,neutral,safety,2025-10-18 09:51:34
495,No access to manufacturer training programs,negative,training,2025-10-16 17:06:34
496,Customer retention rate has increased this quarter,positive,service,2025-04-06 09:29:34
497,The updated safety equipment is much more comfortable,positive,safety,2025-01-28 06:28:34
498,Field service coordination needs improvement,negative,service,2025-05-20 07:12:34
499,No time for breaks during busy periods,negative,workload,2025-09-08 03:25:34
500,Work order details communicated to team,neutral,communication,2025-10-08 06:44:34
501,Tool replacement request submitted,neutral,tools,2024-12-11 02:45:34
502,Standard report format followed,neutral,communication,2025-04-06 04:27:34
503,Next scheduled service date confirmed,neutral,service,2025-04-19 05:15:34
504,New safety protocols have significantly reduced incidents,positive,safety,2025-03-16 02:11:34
505,Diagnostic tools interface seamlessly with our systems,positive,tools,2025-03-04 04:36:34
506,"From what I've seen, the ticketing system provides clear job details",positive,communication,2025-08-03 02:15:34
507,Management accountability is lacking,negative,management,2025-08-24 04:42:34
508,I think support staff availability has improved workflow,positive,workload,2025-04-29 22:35:34
509,Email overload makes important messages hard to find,negative,communication,2024-12-29 01:46:34
510,Fall protection equipment needs replacement,negative,safety,2025-10-31 10:29:34
511,Next scheduled service date confirmed,neutral,service,2024-12-07 05:49:34
512,Management recognizes and rewards good performance,positive,management,2024-12-04 07:25:34
513,The new diagnostic tool has significantly improved our repair efficiency,positive,equipment,2024-12-25 14:39:34
514,Documentation submitted for the service visit,neutral,service,2025-10-02 06:52:34
515,Near-miss incidents are not being reported properly,negative,safety,2024-12-25 05:12:34
516,Field service team has been doing outstanding work,positive,service,2025-05-21 10:14:34
517,"Overall, new safety protocols have significantly reduced incidents",positive,safety,2024-12-20 19:11:34
518,Safety drills are well-organized and informative,positive,training,2025-09-23 09:53:34
519,Training room booked for next session,neutral,training,2025-06-09 06:36:34
520,Management accountability is lacking,negative,management,2025-11-02 08:43:34
521,Technical certification opportunities are limited,negative,training,2025-06-12 17:50:34
522,"Generally speaking, standard service procedure was followed",neutral,service,2025-02-24 18:13:34
523,Work distribution reviewed,neutral,workload,2025-08-30 14:46:34
524,Response times to service requests are too long,negative,service,2025-03-08 18:53:34
525,Remote communication tools work reliably,positive,communication,2025-04-05 11:30:34
526,Communication from leadership is poor,negative,management,2025-05-17 20:57:34
527,Standard diagnostic procedure completed,neutral,service,2025-03-30 16:39:34
528,Conflict resolution by management is ineffective,negative,management,2025-06-24 02:00:34
529,Overtime requirements are excessive This needs attention.,negative,workload,2025-06-29 01:27:34
530,No clear escalation procedures,negative,communication,2025-08-22 03:39:34
531,Safety features on power tools are excellent,positive,tools,2025-05-29 20:58:34
532,Leadership development program exceeded expectations,positive,training,2025-06-10 14:40:34
533,Electrical testing equipment upgrade was worth every penny,positive,equipment,2025-04-08 09:30:34
534,Online training platform is difficult to use,negative,training,2025-06-17 12:07:34
535,Technical documentation training was very helpful,positive,training,2025-06-20 17:08:34
536,Remote teams are often out of the loop,negative,communication,2025-05-26 18:51:34
537,Tool inventory count completed Looking forward to improvements.,neutral,tools,2025-02-25 14:32:34
538,Emergency communication procedures are reliable,positive,communication,2025-10-04 19:02:34
539,Field service coordination needs improvement,negative,service,2025-04-14 21:44:34
540,The new communication app has improved coordination,positive,communication,2025-09-19 10:04:34
541,"From what I've seen, communication with other departments has improved",positive,communication,2025-01-12 12:01:34
542,Really impressed with the new multimeter's precision,positive,equipment,2025-06-06 21:17:34
543,Task list for the day has been reviewed,neutral,workload,2025-08-06 21:54:34
544,Training certificate received,neutral,training,2025-09-22 01:19:34
545,Safety signage improvements have increased awareness,positive,safety,2025-03-28 10:07:34
546,"From what I've seen, advanced training courses are not available",negative,training,2025-07-29 13:10:34
547,Field service coordination needs improvement,negative,service,2024-12-16 17:13:34
548,Work distribution reviewed,neutral,workload,2024-12-13 18:57:34
549,The certification prep course was comprehensive,positive,training,2025-05-01 17:58:34
550,Diagnostic equipment gives inconsistent readings,negative,equipment,2025-02-21 07:53:34
